Workbook

Sheet Gantt
A1: Gantt – Servizio Gestione Licenze | Durata: 1 mese (18 giorni lavorativi)
A2: Codice | B2: Descrizione TO DO | C2: Assegnato | D2: Giorni (gg) | E2: Settimana 1 (mer–ven) | H2: Settimana 2 | M2: Settimana 3 | R2: Settimana 4
E3: 1 | F3: 2 | G3: 3 | H3: 4 | I3: 5 | J3: 6 | K3: 7 | L3: 8 | M3: 9 | N3: 10 | O3: 11 | P3: 12 | Q3: 13 | R3: 14 | S3: 15 | T3: 16 | U3: 17 | V3: 18
A4: TD-01 | B4: Setup infrastruttura Node.js + Express + SQLite | C4: Andrea | D4: 3
A5: TD-02 | B5: Schema DB + migrazioni | C5: Desiree | D5: 2
A6: TD-03 | B6: Auth fornitore JWT jsonwebtoken (F1, F2) | C6: Andrea | D6: 2
A7: TD-04 | B7: Registrazione prodotti (F6) | C7: Desiree | D7: 1
A8: TD-05 | B8: Registrazione cliente + OTP + VIES + AES (C1, C2, C3) | C8: Andrea | D8: 4
A9: TD-06 | B9: Verifica licenza + poll messaggi (C4, C5, C6) | C9: Desiree | D9: 2
A10: TD-07 | B10: Sincronizzazione fornitore (F3, F4, O1) | C10: Andrea | D10: 2
A11: TD-08 | B11: Attivazione licenze a pagamento (F5) | C11: Desiree | D11: 2
A12: TD-09 | B12: Licenza Provvisoria (F7, F8) | C12: Andrea | D12: 3
A13: TD-10 | B13: Job schedulati node-cron | C13: Andrea | D13: 3
A14: TD-11 | B14: Sistema messaggi + template Handlebars | C14: Desiree | D14: 2
A15: TD-12 | B15: Test Jest, bugfix, Swagger docs | C15: Desiree | D15: 3
A16: BUFFER | B16: Buffer di sicurezza (condiviso) | C16: — | D16: —
A18: Legenda: | C18: Desiree | E18: Andrea | G18: Buffer
A20: Riepilogo effort:
A21: Desiree | B21: TD-02, TD-04, TD-06, TD-08, TD-11, TD-12 | C21: 10 gg
A22: Andrea | B22: TD-01, TD-03, TD-05, TD-07, TD-09, TD-10 | C22: 15 gg
A23: Buffer | B23: Giorni 13–18 (condivisi) | C23: 6 gg

Sheet Calendario Sprint
A1: Calendario Sprint — Servizio Gestione Licenze (correlato al foglio «Gantt»)
A2: Data inizio (Giorno 1 Gantt) → | D2: 46183 | E2: ← modifica qui: tutte le date si ricalcolano (weekend esclusi). Sett.1 parte di mercoledì (mer–ven).
A4: Sprint | B4: Codice | C4: Attività (TO DO) | D4: Funzionalità | E4: Assegnato | F4: Durata (gg) | G4: Giorno Gantt (inizio) | H4: Giorno Gantt (fine) | I4: Data inizio | J4: Data fine | K4: Stack / Framework | L4: Descrizione dettagliata del lavoro | M4: Dipendenze | N4: Deliverable / Milestone | O4: Stato
A5: Sprint 1 | B5: TD-01 | C5: Setup infrastruttura Node.js + Express + SQLite | D5: — | E5: =Gantt!C4 -> Andrea | F5: =Gantt!D4 -> 3 | G5: 1 | H5: =G5+F5-1 -> 3 | I5: =WORKDAY($D$2,G5-1) -> 46183 | J5: =WORKDAY($D$2,H5-1) -> 46185 | K5: Node.js ≥18, Express, better-sqlite3, dotenv | L5: Bootstrap progetto (server.js/app.js), connessione SQLite (config/db.js), caricamento+validazione .env (config/env.js), middleware globali ed error handler con formato standard (error_code/message/timestamp/request_id), scaffolding cartelle routes/controllers/services/jobs, generazione coppia chiavi RS256. | M5: — | N5: Server avviabile + struttura progetto | O5: Da iniziare
A6: Sprint 1 | B6: TD-02 | C6: Schema DB + migrazioni | D6: — | E6: =Gantt!C5 -> Desiree | F6: =Gantt!D5 -> 2 | G6: 1 | H6: =G6+F6-1 -> 2 | I6: =WORKDAY($D$2,G6-1) -> 46183 | J6: =WORKDAY($D$2,H6-1) -> 46184 | K6: knex (migrations & seeds), sqlite3 | L6: Migrazioni per tutte le tabelle (§4.3): vendors, vendor_general_setup, vendor_event_config, products, clients, licenses, otp_codes/otp_attempts, client_tokens, idempotency_keys, license_history, client_billing, alarm_logs, event_sent_log, api_logs, security_alerts, email_templates, client_activity_logs. Seed di email_templates IT/EN per ogni event_code. | M6: TD-01 | N6: Schema DB completo + template seed | O6: Da iniziare
A7: Sprint 1 | B7: TD-04 | C7: Registrazione prodotti | D7: F6 | E7: =Gantt!C7 -> Desiree | F7: =Gantt!D7 -> 1 | G7: 3 | H7: =G7+F7-1 -> 3 | I7: =WORKDAY($D$2,G7-1) -> 46185 | J7: =WORKDAY($D$2,H7-1) -> 46185 | K7: Express, joi/zod | L7: Endpoint POST /api/vendor/products protetto da JWT vendor: validazione input e salvataggio in products. Definizione modules e parametri prodotto (check_frequency_hours, TTL OTP per prodotto). | M7: TD-02, TD-03 | N7: Catalogo prodotti gestibile | O7: Da iniziare
A8: Sprint 1 | B8: TD-03 | C8: Auth fornitore JWT | D8: F1, F2 | E8: =Gantt!C6 -> Andrea | F8: =Gantt!D6 -> 2 | G8: 4 | H8: =G8+F8-1 -> 5 | I8: =WORKDAY($D$2,G8-1) -> 46188 | J8: =WORKDAY($D$2,H8-1) -> 46189 | K8: jsonwebtoken (RS256), bcrypt(12), express-rate-limit | L8: POST /api/vendor/auth/login (API key→hash bcrypt→JWT RS256 TTL 60s + refresh TTL 1h), POST /api/vendor/token/refresh con rotation, middleware authVendor.js, rate limit sul login. Predisposizione F9 (rotate-key). | M8: TD-01, TD-02 | N8: Auth produttore attiva (F1/F2) | O8: Da iniziare
A9: Sprint 1 | B9: TD-06 | C9: Verifica licenza + poll messaggi | D9: C4, C5, C6 | E9: =Gantt!C9 -> Desiree | F9: =Gantt!D9 -> 2 | G9: 4 | H9: =G9+F9-1 -> 5 | I9: =WORKDAY($D$2,G9-1) -> 46188 | J9: =WORKDAY($D$2,H9-1) -> 46189 | K9: jsonwebtoken, Express | L9: GET /api/client/license/status (C4), GET /api/client/messages (C5, aggiorna last_seen_at in client_activity_logs), POST /api/client/token/refresh (C6 rotation), middleware authClient.js (JWT + header X-License-Key). | M9: TD-02, TD-03 | N9: Funzionamento ordinario client (C4/C5/C6) | O9: Da iniziare
A10: Sprint 2 | B10: TD-05 | C10: Registrazione cliente + OTP + VIES + AES | D10: C1, C2, C3 | E10: =Gantt!C8 -> Andrea | F10: =Gantt!D8 -> 4 | G10: 6 | H10: =G10+F10-1 -> 9 | I10: =WORKDAY($D$2,G10-1) -> 46190 | J10: =WORKDAY($D$2,H10-1) -> 46195 | K10: crypto (AES-256-GCM, HMAC-SHA256), axios (VIES), nodemailer, joi/zod | L10: C1 /register: verifica product_key, rilevamento riapertura app, stato pending, validazione VIES P.IVA (timeout+fallback vat_verified=false), invio OTP via email. C3 /resend-otp. C2 /verify-otp: hash SHA256, max 3 tentativi→lockout 30min, generazione license_key (HMAC+salt), JWT RS256, refresh, offline_token AES-256-GCM, set vendor_synced=false. Idempotente. | M10: TD-03, TD-02 | N10: Registrazione cliente validata + Trial attiva | O10: Da iniziare
A11: Sprint 2 | B11: TD-08 | C11: Attivazione licenze a pagamento | D11: F5 | E11: =Gantt!C11 -> Desiree | F11: =Gantt!D11 -> 2 | G11: 6 | H11: =G11+F11-1 -> 7 | I11: =WORKDAY($D$2,G11-1) -> 46190 | J11: =WORKDAY($D$2,H11-1) -> 46191 | K11: Express, middleware idempotency, better-sqlite3 | L11: POST /api/vendor/license/activate con header Idempotency-Key (TTL 24h, tabella idempotency_keys + middleware idempotency.js). Sostituzione licenza trial/provvisoria, supporto is_provisional, scrittura in license_history. | M11: TD-05 | N11: Licenze mensile/annuale attivabili (F5) | O11: Da iniziare
A12: Sprint 2 | B12: TD-11 | C12: Sistema messaggi + template Handlebars | D12: — | E12: =Gantt!C14 -> Desiree | F12: =Gantt!D14 -> 2 | G12: 8 | H12: =G12+F12-1 -> 9 | I12: =WORKDAY($D$2,G12-1) -> 46192 | J12: =WORKDAY($D$2,H12-1) -> 46195 | K12: handlebars, nodemailer | L12: template.service.js: rendering Handlebars dei messaggi da email_templates con placeholder ({company_name},{product_name},{expires_at},{days_remaining}…), multilingua IT/EN. mail.service.js: invio email via Nodemailer. Centralizza email + messaggi in-app per tutti gli event_code. | M12: TD-02, TD-06 | N12: Motore messaggi email + in-app | O12: Da iniziare
A13: Sprint 3 | B13: TD-07 | C13: Sincronizzazione fornitore | D13: F3, F4, O1 | E13: =Gantt!C10 -> Andrea | F13: =Gantt!D10 -> 2 | G13: 10 | H13: =G13+F13-1 -> 11 | I13: =WORKDAY($D$2,G13-1) -> 46196 | J13: =WORKDAY($D$2,H13-1) -> 46197 | K13: axios (ERP), Express | L13: F3 GET /api/vendor/registrations/new, F4 POST /api/vendor/registrations/confirm. Client O1 GET ALARM verso ERP (unica chiamata uscente, solo da job): retry con backoff (max 3, alarm_logs) e fallback email. Mock ERP per i test. | M13: TD-05, TD-03 | N13: Sincronizzazione ERP (F3/F4/O1) | O13: Da iniziare
A14: Sprint 3 | B14: TD-12 | C14: Test Jest, bugfix, Swagger docs | D14: — | E14: =Gantt!C15 -> Desiree | F14: =Gantt!D15 -> 3 | G14: 10 | H14: =G14+F14-1 -> 12 | I14: =WORKDAY($D$2,G14-1) -> 46196 | J14: =WORKDAY($D$2,H14-1) -> 46198 | K14: jest, supertest, swagger-jsdoc, swagger-ui-express | L14: Test unit/integration/e2e con Jest + Supertest, mock ERP per O1/F3/F4. Documentazione Swagger UI su /api-docs (swagger-jsdoc + swagger-ui-express). Bugfix trasversali sui moduli consegnati. | M14: TD-01…TD-11 | N14: Coverage test + API docs pubblicate | O14: Da iniziare
A15: Sprint 3 | B15: TD-09 | C15: Licenza Provvisoria, billing e revoca | D15: F7, F8 (+F9, F7/billing, F8/revoke) | E15: =Gantt!C12 -> Andrea | F15: =Gantt!D12 -> 3 | G15: 12 | H15: =G15+F15-1 -> 14 | I15: =WORKDAY($D$2,G15-1) -> 46198 | J15: =WORKDAY($D$2,H15-1) -> 46202 | K15: crypto, Express, better-sqlite3 | L15: F7 /invoice/issued: attiva Licenza Provvisoria se scaduta/in scadenza, rigenera offline_token+key, sospende avvisi, O1 PROVISIONAL_ACTIVATED. F8 /invoice/paid: licenza definitiva, riattiva avvisi, O1 PAYMENT_CONFIRMED; caso non pagato→PROVISIONAL_EXPIRED. Inoltre F8/revoke, F7/billing e F9 (rotate-key, grace period). | M15: TD-08, TD-11 | N15: Ciclo Provvisoria/billing/revoca completo | O15: Da iniziare
A16: Sprint 4 | B16: TD-10 | C16: Job schedulati node-cron | D16: — | E16: =Gantt!C13 -> Andrea | F16: =Gantt!D13 -> 3 | G16: 15 | H16: =G16+F16-1 -> 17 | I16: =WORKDAY($D$2,G16-1) -> 46203 | J16: =WORKDAY($D$2,H16-1) -> 46205 | K16: node-cron, dayjs/date-fns | L16: jobs/index.js + job idempotenti (anti-duplicati via event_sent_log): expiringNotices (calendario avvisi Trial/Mensile/Annuale + O1 LICENSE_EXPIRING; sospesi se Provvisoria attiva), autoDeactivate (status→expired + O1 LICENSE_EXPIRED), newRegistration (O1 NEW_REGISTRATION post-C2), inactivity (≥7gg senza C5→CLIENT_INACTIVE), alarmRetry (retry O1 + fallback). Gestione timezone. | M16: TD-09, TD-11, TD-07 | N16: Automazioni schedulate attive | O16: Da iniziare
A17: Sprint 3–4 | B17: BUFFER | C17: Buffer di sicurezza (condiviso dal team) | D17: — | E17: Entrambi | F17: 6 | G17: 13 | H17: 18 | I17: =WORKDAY($D$2,G17-1) -> 46199 | J17: =WORKDAY($D$2,H17-1) -> 46206 | K17: — | L17: Stabilizzazione, azzeramento del debito tecnico, fix derivanti dai test, hardening sicurezza (HTTPS, query parametrizzate, rate limiting), validazione finale e preparazione al deploy. | M17: Tutte | N17: Release-ready / Deploy | O17: Da iniziare

Sheet Sintesi Sprint
A1: Sintesi Sprint — Roadmap e Milestone
A3: Sprint | B3: Giorni Gantt | C3: Periodo | D3: Focus / Obiettivo | E3: Task incluse | F3: Framework chiave | G3: Milestone
A4: Sprint 1 | B4: 1–5 | C4: Sett. 1–2 | D4: Fondazioni + modulo produttore: setup server, schema DB e seed, auth produttore (F1/F2), registrazione prodotti (F6) e basi del funzionamento client (C4/C5/C6). | E4: TD-01, TD-02, TD-04, TD-03, TD-06 | F4: Node.js, Express, better-sqlite3, knex, jsonwebtoken (RS256), bcrypt | G4: Infrastruttura + DB + Auth produttore attivi (fine Giorno 5)
A5: Sprint 2 | B5: 6–9 | C5: Sett. 2–3 | D5: Flusso cliente completo: registrazione + OTP + VIES + cifratura offline AES (C1/C2/C3), attivazione licenze a pagamento (F5) e motore messaggi. | E5: TD-05, TD-08, TD-11 | F5: crypto (AES-256-GCM/HMAC), axios (VIES), nodemailer, handlebars, idempotency | G5: Registrazione validata + Trial + attivazione a pagamento (fine Giorno 9)
A6: Sprint 3 | B6: 10–14 | C6: Sett. 3–4 | D6: Sincronizzazione ERP (F3/F4/O1), test+Swagger e ciclo Licenza Provvisoria/billing/revoca (F7/F8). Inizio buffer (gg 13–14). | E6: TD-07, TD-12, TD-09 | F6: axios (ERP), jest, supertest, swagger, crypto | G6: Sync ERP + Provvisoria/Billing + API docs (fine Giorno 14)
A7: Sprint 4 | B7: 15–18 | C7: Sett. 4 | D7: Automazioni node-cron (avvisi scadenza, auto-disattivazione, inattività, retry O1) e buffer finale di stabilizzazione e rilascio. | E7: TD-10 + BUFFER | F7: node-cron, dayjs/date-fns | G7: Job attivi + Progetto pronto al deploy (fine Giorno 18)
A9: Riepilogo effort (dal Gantt)
A10: Andrea | B10: TD-01, TD-03, TD-05, TD-07, TD-09, TD-10 | G10: =Gantt!C22 -> 15 gg
A11: Desiree | B11: TD-02, TD-04, TD-06, TD-08, TD-11, TD-12 | G11: =Gantt!C21 -> 10 gg
A12: Buffer (condiviso) | B12: Giorni 13–18 | G12: =Gantt!C23 -> 6 gg
